{"numTurnsDistribution":[0,0,0,0.011111111111111112,0,0.022222222222222223,0.022222222222222223,0.05555555555555555,0.03333333333333333,0.07777777777777778,0.08888888888888889,0.12222222222222222,0.14444444444444443,0.06666666666666667,0.1,0.06666666666666667,0.011111111111111112,0.17777777777777778],"averageHoraPoints":6265.333333333333}
