{"numTurnsDistribution":[0,0,0,0,0,0,0.033707865168539325,0.033707865168539325,0.011235955056179775,0.011235955056179775,0.0898876404494382,0.06741573033707865,0.0449438202247191,0.10112359550561797,0.06741573033707865,0.033707865168539325,0.06741573033707865,0.43820224719101125],"averageHoraPoints":7484.905660377359}
